<configuration>

  <appender name="FILE" class="ch.qos.logback.core.FileAppender">
    <file>logs/CloudMachines.xml</file>
    <encoder>
      <pattern>%msg%n</pattern>
    </encoder>
  </appender>
  
  <appender name="FILE2" class="ch.qos.logback.core.FileAppender">
    <file>logs/CloudMachines.log</file>
    <encoder>
      <pattern>%date || %level - "%msg"%n</pattern>
    </encoder>
  </appender>

  <root level="info">
    <appender-ref ref="FILE" />
	<appender-ref ref="FILE2" />
  </root>
</configuration>